0.02,Nullreference,0
0.04,Nullreference,0
0.3733333,Model Text Impact [s](Clone),0.3017478
0.4039258,Model Text Impact [s](Clone),0.08612335
0.4192884,Model Text Impact [s](Clone),0.08470047
0.4322877,Model Text Impact [s](Clone),0.0671884
0.4440186,Model Text Impact [s](Clone),0.05440889
0.4554254,Model Text Impact [s](Clone),0.04835793
0.4658407,Model Text Impact [s](Clone),0.04290926
0.4758835,Nullreference,0.04628579
0.4864557,Nullreference,0.05493652
0.4957759,Nullreference,0.05690841
0.5062204,Nullreference,0.05963315
0.5172204,Nullreference,0.05816057
0.5283046,Nullreference,0.04921274
0.5399624,Nullreference,0.04207989
0.5502113,Nullreference,0.05315884
0.5615689,Nullreference,0.06192543
0.5728126,Nullreference,0.06938007
0.5836614,Nullreference,0.07066344
0.5945606,Nullreference,0.06607797
0.6063328,Nullreference,0.06424269
0.6168846,Nullreference,0.06282073
0.6279575,Nullreference,0.05994148
0.6392307,Nullreference,0.05973758
0.6501458,Nullreference,0.04605833
0.6612397,Nullreference,0.03831942
0.6727148,Nullreference,0.03331382
0.6834838,Nullreference,0.03553142
0.6948202,Nullreference,0.03088645
0.7066051,Nullreference,0.03007171
0.7166507,Nullreference,0.02994869
0.7289267,Nullreference,0.02531995
0.7391179,Nullreference,0.02684273
0.7499756,Nullreference,0.01609772
0.7612193,Nullreference,0.01111004
0.7728577,Nullreference,0.008331005
0.7833397,Nullreference,0.005811297
0.7946138,Nullreference,0.007861957
0.8067597,Nullreference,0.01239818
0.8170753,Nullreference,0.01751022
0.8287378,Nullreference,0.01298775
0.8403792,Nullreference,0.02151056
0.8505799,Nullreference,0.02555866
0.8612427,Nullreference,0.03136776
0.8723388,Nullreference,0.03123512
0.8834166,Nullreference,0.03393649
0.894549,Nullreference,0.03759587
0.9060755,Nullreference,0.04721113
0.9165969,Nullreference,0.05833731
0.9281811,Nullreference,0.05780078
0.939455,Nullreference,0.06439993
0.9508312,Nullreference,0.07476123
0.9621788,Nullreference,0.07773441
0.9735348,Nullreference,0.08876389
0.98338,Nullreference,0.08794871
0.9945347,Nullreference,0.08832642
1.005776,Nullreference,0.08822815
1.016741,Nullreference,0.08399203
1.028719,Nullreference,0.07852299
1.040761,Nullreference,0.07596454
1.052724,Nullreference,0.07258866
1.064615,Nullreference,0.07387844
1.076833,Nullreference,0.07032207
1.088941,Nullreference,0.05904785
1.100166,Nullreference,0.06183103
1.110583,Nullreference,0.06492954
1.122,Nullreference,0.07436629
1.133833,Nullreference,0.08170352
1.145748,Nullreference,0.09283793
1.156745,Model Text Impact [s](Clone),0.1092949
1.167225,Model Text Impact [s](Clone),0.1204241
1.177443,Model Text Impact [s](Clone),0.1259135
1.18918,Nullreference,0.1425923
1.199617,Nullreference,0.1737703
1.21055,Nullreference,0.2111218
1.221973,Nullreference,0.2445629
1.233762,Nullreference,0.2886119
1.243813,Nullreference,0.3268248
1.255144,Nullreference,0.3885446
1.266318,Nullreference,0.431484
1.277369,Nullreference,0.4930282
1.288556,Nullreference,0.5459239
1.299561,Nullreference,0.616956
1.311324,Nullreference,0.6797261
1.321699,Nullreference,0.7463042
1.33273,Nullreference,0.8097329
1.344867,Nullreference,0.8705917
1.356469,Nullreference,0.9379649
1.367173,Nullreference,0.9947323
1.377576,Nullreference,1.050434
1.388976,Nullreference,1.104174
1.39948,Nullreference,1.145338
1.410542,Nullreference,1.185936
1.422072,Nullreference,1.230575
1.432576,Nullreference,1.269825
1.443994,Nullreference,1.30985
1.454867,Nullreference,1.342463
1.465991,Nullreference,1.365864
1.477351,Nullreference,1.395898
1.48847,Model Text Impact [e](Clone),1.408941
1.499264,Model Text Impact [r](Clone),1.427152
1.510816,Model Text Impact [r](Clone),1.437803
1.521397,Nullreference,1.454713
1.532407,Nullreference,1.455083
1.543794,Nullreference,1.462289
1.554593,Nullreference,1.462095
1.566205,Nullreference,1.465915
1.577477,Nullreference,1.470197
1.588501,Nullreference,1.470034
1.598899,Nullreference,1.466552
1.610201,Nullreference,1.468545
1.621391,Nullreference,1.470281
1.632398,Nullreference,1.472178
1.643615,Nullreference,1.472231
1.654377,Nullreference,1.471396
1.665416,Nullreference,1.472773
1.676884,Nullreference,1.470462
1.688006,Nullreference,1.46295
1.698678,Nullreference,1.468099
1.709874,Nullreference,1.48692
1.721142,Nullreference,1.499469
1.731754,Nullreference,1.511204
1.743337,Nullreference,1.521819
1.754258,Nullreference,1.527799
1.765193,Nullreference,1.533876
1.777004,Nullreference,1.527811
1.78745,Nullreference,1.526931
1.798449,Nullreference,1.524666
1.809774,Nullreference,1.534614
1.820825,Nullreference,1.550462
1.83185,Nullreference,1.562859
1.843128,Nullreference,1.57047
1.855278,Nullreference,1.563956
1.865166,Model Text Impact [r](Clone),1.546734
1.876687,Model Text Impact [r](Clone),1.506457
1.888196,Model Text Impact [r](Clone),1.459956
1.899894,Nullreference,1.407373
1.912299,Model Text Impact [r](Clone),1.345631
1.924908,Model Text Impact [r](Clone),1.265681
1.937874,Model Text Impact [r](Clone),1.188404
1.948909,Model Text Impact [r](Clone),1.105369
1.960825,Model Text Impact [r](Clone),1.052057
1.97465,Model Text Impact [r](Clone),0.9847696
1.988212,Model Text Impact [r](Clone),0.8493953
1.999276,Model Text Impact [e](Clone),0.800406
2.010289,Model Text Impact [e](Clone),0.7381591
2.021655,Model Text Impact [e](Clone),0.6775851
2.031392,Model Text Impact [e](Clone),0.6078516
2.042767,Model Text Impact [e](Clone),0.5553398
2.054266,Nullreference,0.5138017
2.065442,Nullreference,0.4555661
2.075555,Nullreference,0.4115705
2.08486,Nullreference,0.3754595
2.095351,Nullreference,0.3366793
2.104876,Nullreference,0.3006009
2.115631,Nullreference,0.2663195
2.127421,Nullreference,0.247003
2.13816,Nullreference,0.2169809
2.149444,Nullreference,0.1927323
2.161468,Nullreference,0.1676036
2.171319,Nullreference,0.143159
2.182496,Nullreference,0.1146514
2.193769,Nullreference,0.09853664
2.204568,Nullreference,0.0894992
2.215798,Nullreference,0.09048631
2.226982,Nullreference,0.1151247
2.238242,Nullreference,0.1615867
2.248997,Nullreference,0.2045757
2.26029,Nullreference,0.2430936
2.270944,Nullreference,0.2798027
2.282198,Nullreference,0.3141817
2.293478,Nullreference,0.3357551
2.304286,Nullreference,0.362768
2.315698,Nullreference,0.3949001
2.328049,Nullreference,0.4330505
2.338282,Nullreference,0.4710081
2.348885,Nullreference,0.5056937
2.36031,Nullreference,0.556662
2.371038,Nullreference,0.623662
2.382123,Nullreference,0.6927094
2.393397,Nullreference,0.7732823
2.404593,Nullreference,0.8765255
2.41604,Nullreference,1.005176
2.427961,Nullreference,1.152349
2.438948,Nullreference,1.280892
2.450073,Nullreference,1.378213
2.463166,Nullreference,1.483202
2.472943,Nullreference,1.580561
2.484404,Nullreference,1.66703
2.497589,Nullreference,1.727796
2.508989,Nullreference,1.798468
2.519367,Nullreference,1.873701
2.531102,Nullreference,1.938168
2.545005,Nullreference,2.007354
2.559763,Nullreference,2.087672
2.569673,Nullreference,2.169631
2.580705,Nullreference,2.236478
2.592657,Nullreference,2.31197
2.603627,Nullreference,2.364619
2.615041,Nullreference,2.395984
2.626819,Nullreference,2.440498
2.639604,Nullreference,2.480815
2.650303,Nullreference,2.552856
2.661979,Nullreference,2.591884
2.673678,Nullreference,2.624805
2.684466,Nullreference,2.655372
2.695785,Nullreference,2.680849
2.70694,Nullreference,2.705005
2.717853,Nullreference,2.712811
2.730133,Nullreference,2.71424
2.74189,Nullreference,2.708178
2.753524,Nullreference,2.698498
2.764788,Nullreference,2.672623
2.7762,Nullreference,2.646195
2.788343,Nullreference,2.621759
2.800044,Nullreference,2.59542
2.811659,Nullreference,2.568976
2.822386,Nullreference,2.519281
2.834549,Nullreference,2.45156
2.846847,Nullreference,2.393978
2.859223,Nullreference,2.326797
2.871614,Nullreference,2.257285
2.883373,Nullreference,2.183219
2.89414,Nullreference,2.10566
2.904983,Nullreference,2.01443
2.916192,Nullreference,1.948381
2.92738,Nullreference,1.826346
2.938494,Nullreference,1.734246
2.950747,Nullreference,1.551429
2.963314,Nullreference,1.471831
2.975104,Nullreference,1.397686
2.987172,Nullreference,1.308013
2.999711,Nullreference,1.240899
3.012508,Nullreference,1.168552
3.024699,Nullreference,1.093309
3.037211,Nullreference,1.035441
3.049237,Nullreference,0.9727683
3.061819,Nullreference,0.8397535
3.072535,Nullreference,0.7738182
3.084163,Nullreference,0.7153349
3.09736,Nullreference,0.6508167
3.109491,Nullreference,0.5801806
3.121069,Nullreference,0.5072271
3.132857,Nullreference,0.4588179
3.144595,Nullreference,0.4017901
3.156182,Nullreference,0.3318256
3.168981,Nullreference,0.2781275
3.180493,Nullreference,0.2096682
3.192137,Nullreference,0.1584178
3.203436,Nullreference,0.128727
3.215506,Nullreference,0.104879
3.227502,Nullreference,0.08530803
3.239104,Nullreference,0.05807131
3.251108,Nullreference,0.04374742
3.264003,Nullreference,0.06644801
3.276767,Nullreference,0.09002215
3.289663,Nullreference,0.1061466
3.302765,Nullreference,0.1380927
3.314763,Nullreference,0.171712
3.326654,Nullreference,0.2141827
3.338423,Nullreference,0.2468504
3.351683,Nullreference,0.3348136
3.364212,Nullreference,0.3617745
3.375287,Nullreference,0.3433255
3.386934,Nullreference,0.2900258
3.398412,Nullreference,0.2131381
3.410744,Nullreference,0.1596809
3.422569,Nullreference,0.155721
3.435297,Nullreference,0.1802201
3.446476,Nullreference,0.199836
3.458417,Nullreference,0.2131006
3.47067,Nullreference,0.2217595
3.482089,Nullreference,0.2190481
3.49301,Nullreference,0.2138991
3.504155,Nullreference,0.2099259
3.516714,Nullreference,0.2035005
3.529863,Nullreference,0.1794868
3.542361,Nullreference,0.1606666
3.554253,Nullreference,0.149176
3.567376,Nullreference,0.1405113
3.579642,Nullreference,0.1156939
3.592752,Nullreference,0.09589275
3.604929,Nullreference,0.06283417
3.618549,Nullreference,0.02468478
3.631361,Nullreference,0.03893525
3.643436,Nullreference,0.06431327
3.655459,Nullreference,0.08653076
3.666718,Nullreference,0.1021383
3.678913,Nullreference,0.1197863
3.690366,Nullreference,0.1176612
3.702343,Nullreference,0.111052
3.715551,Nullreference,0.1003579
3.726937,Nullreference,0.07456672
3.738365,Nullreference,0.04979442
3.751107,Nullreference,0.03155179
3.763611,Nullreference,0.04922183
3.775851,Nullreference,0.07551558
3.788805,Nullreference,0.1104003
3.801915,Nullreference,0.1358737
3.815043,Nullreference,0.1786825
3.82862,Nullreference,0.2237787
3.839977,Nullreference,0.3258568
3.851038,Nullreference,0.3686672
3.861807,Nullreference,0.4044641
3.873146,Nullreference,0.4438478
3.886046,Nullreference,0.4785847
3.897213,Nullreference,0.5044246
3.908887,Nullreference,0.5318739
3.921278,Nullreference,0.5607021
3.934958,Nullreference,0.5799389
3.946222,Nullreference,0.5980623
3.958173,Nullreference,0.614832
3.970124,Nullreference,0.6251534
3.9821,Nullreference,0.6306524
3.994068,Nullreference,0.6239621
4.008981,Nullreference,0.5952479
4.020952,Nullreference,0.580757
4.033733,Nullreference,0.5551704
4.045572,Nullreference,0.5378264
4.058069,Nullreference,0.5126126
4.068822,Nullreference,0.4944617
4.079693,Nullreference,0.4785609
4.091155,Nullreference,0.4703366
4.10274,Nullreference,0.4529903
4.114057,Nullreference,0.4346181
4.125185,Nullreference,0.4062805
4.13673,Nullreference,0.3824117
4.148118,Nullreference,0.3534676
4.158943,Nullreference,0.3296138
4.171334,Nullreference,0.3096171
4.184145,Nullreference,0.2812699
4.195361,Nullreference,0.2670471
4.207351,Nullreference,0.2592205
4.219004,Nullreference,0.2516781
4.231278,Nullreference,0.2483833
4.243883,Nullreference,0.2467683
4.255676,Nullreference,0.2378287
4.267491,Nullreference,0.2336102
4.279266,Model Text Impact [e](Clone),0.225627
4.29179,Nullreference,0.2209927
4.304489,Nullreference,0.2168969
4.316746,Nullreference,0.2158858
4.328272,Nullreference,0.2085959
4.340383,Nullreference,0.2141988
4.353636,Nullreference,0.2127082
4.365294,Nullreference,0.2151446
4.376712,Nullreference,0.2198121
4.388669,Nullreference,0.2254704
4.400094,Nullreference,0.2349911
4.4122,Nullreference,0.2385209
4.425053,Nullreference,0.2415028
4.436538,Nullreference,0.2452725
4.447727,Nullreference,0.2460856
4.459365,Nullreference,0.2499187
4.471235,Nullreference,0.2449408
4.482088,Nullreference,0.2434668
4.49294,Nullreference,0.2469982
4.5059,Nullreference,0.2483136
4.518247,Nullreference,0.2572848
4.530819,Nullreference,0.2593066
4.54214,Nullreference,0.2576885
4.553348,Nullreference,0.2566253
4.564158,Nullreference,0.25584
4.575132,Nullreference,0.2543043
4.585718,Model Text Impact [t](Clone),0.2528951
4.598798,Model Text Impact [t](Clone),0.2510552
4.612216,Model Text Impact [t](Clone),0.2480866
4.624971,Nullreference,0.248261
4.637479,Nullreference,0.2434581
4.651189,Nullreference,0.2323645
4.664252,Nullreference,0.2239171
4.676568,Nullreference,0.2191334
4.688672,Nullreference,0.2148532
4.699802,Nullreference,0.2062055
4.710763,Nullreference,0.2044224
4.722169,Nullreference,0.2021659
4.733449,Nullreference,0.1837451
4.745527,Nullreference,0.1788543
4.757321,Nullreference,0.1677084
4.768056,Nullreference,0.1669998
4.779076,Nullreference,0.1657311
4.790242,Nullreference,0.1560623
4.801216,Nullreference,0.1528036
4.812932,Nullreference,0.1420571
4.824446,Nullreference,0.1280831
4.835931,Nullreference,0.1102262
4.848347,Model Text Impact [t](Clone),0.09569538
4.861434,Model Text Impact [t](Clone),0.07967128
4.873085,Model Text Impact [t](Clone),0.06973737
4.885007,Model Text Impact [t](Clone),0.05858743
4.89671,Model Text Impact [t](Clone),0.0527478
4.908934,Model Text Impact [t](Clone),0.04565202
4.92081,Model Text Impact [t](Clone),0.04041886
4.933164,Model Text Impact [t](Clone),0.02737676
4.945685,Model Text Impact [t](Clone),0.02123775
4.957824,Model Text Impact [t](Clone),0.01534569
4.969447,Model Text Impact [t](Clone),0.008800525
4.981366,Model Text Impact [t](Clone),0.005291258
4.993932,Model Text Impact [t](Clone),0.009895649
5.006107,Model Text Impact [t](Clone),0.01685347
5.017232,Model Text Impact [t](Clone),0.01854352
5.028058,Nullreference,0.01281264
5.040667,Nullreference,0.0118831
5.052305,Nullreference,0.008119907
5.063265,Nullreference,0.01257022
5.074163,Nullreference,0.01782905
5.08524,Nullreference,0.02929115
5.096872,Nullreference,0.04087032
5.108181,Nullreference,0.0466247
5.119418,Nullreference,0.05000756
5.130857,Nullreference,0.0596249
5.142372,Nullreference,0.06432626
5.154662,Nullreference,0.07260777
5.166367,Nullreference,0.06856237
5.179361,Nullreference,0.07837438
5.191922,Nullreference,0.07204755
5.202593,Nullreference,0.07357965
5.214436,Nullreference,0.07311952
5.227057,Nullreference,0.07877013
5.240559,Nullreference,0.06915629
5.251248,Nullreference,0.06335641
5.262422,Nullreference,0.06056446
5.274212,Nullreference,0.05985733
5.285079,Nullreference,0.05631799
5.296017,Nullreference,0.05495758
5.320282,Nullreference,0.05294759
5.332337,Nullreference,0.05758968
5.34412,Nullreference,0.06293248
5.355011,Nullreference,0.06629808
5.365802,Nullreference,0.05904455
5.376762,Nullreference,0.04817329
5.388379,Nullreference,0.03473576
5.399752,Nullreference,0.029989
5.411967,Nullreference,0.02583376
5.422707,Nullreference,0.02246843
5.435038,Nullreference,0.01424934
5.447194,Nullreference,0.007104149
5.459027,Nullreference,0.01216222
5.470114,Nullreference,0.02156625
5.482265,Nullreference,0.02610852
5.494355,Nullreference,0.03403226
5.506127,Nullreference,0.03161989
5.516986,Nullreference,0.03253343
5.528014,Nullreference,0.02717518
5.538815,Nullreference,0.02433515
5.550215,Nullreference,0.03104337
5.561571,Nullreference,0.03309645
5.573739,Nullreference,0.04095324
5.585479,Nullreference,0.04388331
5.597571,Nullreference,0.04273055
5.609829,Nullreference,0.05166276
5.621522,Nullreference,0.06530546
5.633654,Model Text Impact [e](Clone),0.07895095
5.646198,Model Text Impact [r](Clone),0.09171004
5.659006,Model Text Impact [r](Clone),0.111465
5.672145,Model Text Impact [r](Clone),0.1632285
5.684952,Model Text Impact [r](Clone),0.1865966
5.701944,Model Text Impact [r](Clone),0.2055115
5.713769,Model Text Impact [r](Clone),0.2221965
5.725641,Model Text Impact [r](Clone),0.2372117
5.738204,Model Text Impact [r](Clone),0.2528233
5.750606,Model Text Impact [r](Clone),0.2762969
5.763574,Model Text Impact [r](Clone),0.2810223
5.776324,Model Text Impact [r](Clone),0.291565
5.788501,Model Text Impact [r](Clone),0.3019619
5.801358,Model Text Impact [r](Clone),0.3186566
5.814728,Model Text Impact [r](Clone),0.3303041
5.827447,Model Text Impact [r](Clone),0.3428428
5.839814,Model Text Impact [r](Clone),0.3583866
5.851992,Model Text Impact [r](Clone),0.3678774
5.865406,Model Text Impact [r](Clone),0.3771628
5.87804,Model Text Impact [r](Clone),0.3789479
5.893962,Model Text Impact [r](Clone),0.3874369
5.906768,Model Text Impact [r](Clone),0.3946208
5.919952,Model Text Impact [r](Clone),0.4048592
5.937212,Model Text Impact [r](Clone),0.4127718
5.951744,Model Text Impact [r](Clone),0.4152819
5.964874,Model Text Impact [e](Clone),0.4126205
5.978615,Model Text Impact [e](Clone),0.4108864
5.991736,Model Text Impact [e](Clone),0.4080488
6.003586,Model Text Impact [e](Clone),0.4083264
6.01543,Model Text Impact [e](Clone),0.4115549
6.027534,Model Text Impact [e](Clone),0.4109035
6.040539,Model Text Impact [e](Clone),0.4146813
6.055581,Model Text Impact [e](Clone),0.4140351
6.067645,Model Text Impact [e](Clone),0.4107481
6.07926,Model Text Impact [e](Clone),0.4117168
6.091624,Model Text Impact [r](Clone),0.4126982
6.103995,Model Text Impact [r](Clone),0.4102077
6.115156,Model Text Impact [r](Clone),0.416784
6.127217,Model Text Impact [r](Clone),0.417936
6.138373,Model Text Impact [r](Clone),0.4160825
6.150176,Model Text Impact [e](Clone),0.4132744
6.162032,Model Text Impact [e](Clone),0.4133348
6.175042,Model Text Impact [e](Clone),0.4143155
6.187488,Model Text Impact [e](Clone),0.409684
6.200278,Model Text Impact [e](Clone),0.4125482
6.212037,Model Text Impact [e](Clone),0.4049288
6.224781,Model Text Impact [e](Clone),0.4046635
6.237072,Model Text Impact [e](Clone),0.3992238
6.250845,Model Text Impact [e](Clone),0.3849176
6.273264,Model Text Impact [e](Clone),0.3761804
6.286084,Model Text Impact [e](Clone),0.3539749
6.299283,Model Text Impact [e](Clone),0.3426444
6.310476,Model Text Impact [e](Clone),0.3264166
6.322739,Model Text Impact [e](Clone),0.3136199
6.33488,Model Text Impact [e](Clone),0.2977383
6.346756,Model Text Impact [e](Clone),0.2843863
6.35875,Model Text Impact [e](Clone),0.2670945
6.369888,Model Text Impact [e](Clone),0.2422908
6.382451,Model Text Impact [e](Clone),0.2016727
6.394856,Model Text Impact [e](Clone),0.1809571
6.406738,Model Text Impact [e](Clone),0.162528
6.418914,Model Text Impact [e](Clone),0.1333418
6.431017,Model Text Impact [e](Clone),0.113567
6.442056,Model Text Impact [e](Clone),0.09545492
6.452941,Model Text Impact [e](Clone),0.07169408
6.465115,Model Text Impact [e](Clone),0.06460353
6.478328,Model Text Impact [e](Clone),0.07105689
6.490016,Model Text Impact [e](Clone),0.08100189
6.502548,Model Text Impact [e](Clone),0.09522489
6.514294,Nullreference,0.1105377
6.524939,Nullreference,0.125782
6.536415,Nullreference,0.1447032
6.548119,Nullreference,0.1772542
6.559619,Nullreference,0.2053498
6.571799,Nullreference,0.2414404
6.584195,Nullreference,0.258491
6.596085,Nullreference,0.2661106
6.654041,Nullreference,0.3292119
6.666115,Nullreference,0.3358774
6.678865,Nullreference,0.3354635
6.691254,Nullreference,0.3359441
6.70227,Nullreference,0.3311372
6.714475,Nullreference,0.3298783
6.726289,Nullreference,0.3266262
6.736927,Nullreference,0.3239082
6.748734,Nullreference,0.3081464
6.760291,Nullreference,0.3060435
6.772224,Nullreference,0.3021277
6.785047,Nullreference,0.293173
6.797675,Nullreference,0.287149
6.810367,Nullreference,0.2820903
6.822308,Nullreference,0.2784017
6.833438,Nullreference,0.2751654
6.844132,Nullreference,0.2709321
6.855923,Nullreference,0.2687074
6.868073,Nullreference,0.2661297
6.87954,Nullreference,0.2610434
6.891287,Nullreference,0.2583749
6.902026,Nullreference,0.2478298
6.913674,Nullreference,0.2419707
6.924793,Nullreference,0.2333766
6.93607,Nullreference,0.2269416
6.946971,Nullreference,0.2142954
6.957708,Nullreference,0.2110898
6.969054,Nullreference,0.2050996
6.979396,Nullreference,0.1963453
6.991008,Nullreference,0.1927844
7.003111,Nullreference,0.1844964
7.015921,Nullreference,0.1688067
7.028744,Nullreference,0.1600863
7.040723,Nullreference,0.1523417
7.053351,Nullreference,0.1384162
7.065784,Nullreference,0.1296266
7.078172,Nullreference,0.126462
7.090102,Nullreference,0.1185039
7.102233,Nullreference,0.1180642
7.113302,Nullreference,0.1134551
7.124356,Nullreference,0.1109966
7.136395,Nullreference,0.1064685
7.14874,Nullreference,0.09375179
7.160625,Nullreference,0.09060648
7.172842,Nullreference,0.08060008
7.183798,Nullreference,0.07885863
7.195341,Nullreference,0.0711158
7.206832,Nullreference,0.06892057
7.219521,Nullreference,0.06322945
7.232301,Nullreference,0.06064147
7.244852,Nullreference,0.05320515
7.256667,Nullreference,0.0509861
7.268471,Nullreference,0.04701375
7.280457,Nullreference,0.04029503
7.292342,Nullreference,0.03411677
7.304481,Nullreference,0.02709788
7.317225,Nullreference,0.02507781
7.328399,Nullreference,0.02657386
7.340042,Nullreference,0.02330185
7.351377,Model Text Impact [s](Clone),0.02216708
7.364182,Model Text Impact [s](Clone),0.02341988
7.377218,Model Text Impact [s](Clone),0.02712636
7.38957,Model Text Impact [s](Clone),0.03480136
7.402119,Model Text Impact [s](Clone),0.03115323
7.414711,Model Text Impact [s](Clone),0.02860737
7.426802,Model Text Impact [s](Clone),0.02765002
7.439507,Model Text Impact [s](Clone),0.03023833
7.451145,Model Text Impact [s](Clone),0.02551936
7.46426,Model Text Impact [s](Clone),0.02331297
7.476511,Model Text Impact [s](Clone),0.02191534
7.488702,Model Text Impact [s](Clone),0.01168465
7.500786,Model Text Impact [s](Clone),0.01343598
7.513313,Model Text Impact [s](Clone),0.008145149
7.525703,Model Text Impact [s](Clone),0.0106909
7.538268,Model Text Impact [s](Clone),0.01899498
7.550434,Model Text Impact [s](Clone),0.02150511
7.572656,Model Text Impact [s](Clone),0.02828066
7.584641,Model Text Impact [s](Clone),0.03537526
7.596925,Model Text Impact [s](Clone),0.0404632
7.608109,Model Text Impact [s](Clone),0.04170132
7.618986,Model Text Impact [s](Clone),0.04487611
7.631655,Model Text Impact [s](Clone),0.05131372
7.64386,Model Text Impact [s](Clone),0.04599476
7.656703,Model Text Impact [s](Clone),0.04853642
7.668832,Model Text Impact [s](Clone),0.04648785
7.681647,Model Text Impact [s](Clone),0.05734842
7.693629,Model Text Impact [s](Clone),0.05810615
7.705803,Model Text Impact [s](Clone),0.05755194
7.718758,Model Text Impact [s](Clone),0.05065867
7.7312,Model Text Impact [s](Clone),0.04193
7.742813,Model Text Impact [s](Clone),0.04734475
7.754542,Model Text Impact [s](Clone),0.04200329
7.77068,Model Text Impact [s](Clone),0.03824852
7.786457,Model Text Impact [s](Clone),0.03073323
7.799829,Model Text Impact [s](Clone),0.02721688
7.814094,Model Text Impact [s](Clone),0.02831
7.825694,Model Text Impact [s](Clone),0.02967994
7.839103,Model Text Impact [s](Clone),0.02865456
7.851722,Model Text Impact [s](Clone),0.02021637
7.864055,Model Text Impact [s](Clone),0.01943627
7.875463,Model Text Impact [s](Clone),0.01804682
7.887663,Model Text Impact [s](Clone),0.015774
7.900357,Model Text Impact [s](Clone),0.01922928
7.911373,Model Text Impact [s](Clone),0.01939848
7.92236,Model Text Impact [s](Clone),0.02481497
7.93307,Model Text Impact [s](Clone),0.02577332
7.944605,Model Text Impact [s](Clone),0.02666488
7.957712,Model Text Impact [s](Clone),0.02872741
7.971003,Model Text Impact [s](Clone),0.0319927
7.984208,Model Text Impact [s](Clone),0.03922508
7.996845,Model Text Impact [s](Clone),0.05125612
8.009852,Model Text Impact [t](Clone),0.05204095
8.022779,Model Text Impact [e](Clone),0.05917382
8.03577,Model Text Impact [e](Clone),0.06540916
8.04771,Model Text Impact [e](Clone),0.07289272
8.060635,Model Text Impact [e](Clone),0.08339315
8.072759,Model Text Impact [e](Clone),0.08761093
8.085433,Model Text Impact [e](Clone),0.08741874
8.096684,Model Text Impact [e](Clone),0.09344801
8.108768,Model Text Impact [e](Clone),0.09616615
8.120332,Model Text Impact [e](Clone),0.1011713
8.132754,Model Text Impact [e](Clone),0.1055154
8.144501,Model Text Impact [e](Clone),0.1099718
8.156623,Model Text Impact [e](Clone),0.1128774
8.168324,Model Text Impact [e](Clone),0.1096855
8.183231,Model Text Impact [e](Clone),0.1121899
8.194934,Model Text Impact [e](Clone),0.1128559
8.206729,Model Text Impact [e](Clone),0.1144187
8.21806,Model Text Impact [e](Clone),0.1139029
8.228942,Model Text Impact [e](Clone),0.1137723
8.240079,Model Text Impact [e](Clone),0.10681
8.251581,Model Text Impact [e](Clone),0.1032499
8.263482,Model Text Impact [e](Clone),0.1005706
8.278805,Model Text Impact [e](Clone),0.09462604
8.291473,Model Text Impact [e](Clone),0.09431244
8.304267,Model Text Impact [e](Clone),0.09309524
8.31652,Model Text Impact [e](Clone),0.09347624
8.328403,Model Text Impact [e](Clone),0.09108564
8.340433,Model Text Impact [e](Clone),0.09367865
8.352825,Model Text Impact [e](Clone),0.09133656
8.364388,Model Text Impact [e](Clone),0.09957156
8.376406,Model Text Impact [e](Clone),0.1019275
8.388582,Model Text Impact [e](Clone),0.1040189
8.403388,Model Text Impact [e](Clone),0.1110469
8.416306,Model Text Impact [e](Clone),0.1164297
8.430967,Model Text Impact [r](Clone),0.1180976
8.44206,Model Text Impact [r](Clone),0.1139873
8.453738,Model Text Impact [e](Clone),0.1114757
8.465151,Model Text Impact [r](Clone),0.1129193
8.476354,Model Text Impact [r](Clone),0.1071921
8.488085,Model Text Impact [r](Clone),0.1062473
8.500091,Nullreference,0.1080606
8.511358,Model Text Impact [r](Clone),0.1030372
8.522971,Model Text Impact [r](Clone),0.1015659
8.534776,Model Text Impact [r](Clone),0.09722512
8.546392,Model Text Impact [r](Clone),0.09737492
8.557466,Model Text Impact [r](Clone),0.09715044
8.569771,Nullreference,0.09356157
8.580661,Model Text Impact [e](Clone),0.08915112
8.591981,Model Text Impact [e](Clone),0.08444643
8.603921,Model Text Impact [e](Clone),0.08530608
8.614846,Model Text Impact [e](Clone),0.06894644
8.626223,Model Text Impact [e](Clone),0.06386748
8.637573,Model Text Impact [e](Clone),0.05549267
8.649135,Model Text Impact [e](Clone),0.05027863
8.662231,Model Text Impact [e](Clone),0.04368037
8.675099,Model Text Impact [e](Clone),0.04073525
8.686075,Model Text Impact [e](Clone),0.0376201
8.696959,Model Text Impact [e](Clone),0.02672458
8.708138,Model Text Impact [e](Clone),0.02346096
8.725832,Model Text Impact [e](Clone),0.02788957
9.059165,Nullreference,0.1624561
9.076319,Nullreference,0.1991165
9.090103,Nullreference,0.1995322
9.10253,Nullreference,0.1959861
9.113682,Nullreference,0.2094922
9.125298,Nullreference,0.2259904
9.137741,Nullreference,0.237308
9.149399,Nullreference,0.2410685
9.161643,Nullreference,0.2484761
9.172948,Nullreference,0.2543324
9.183644,Nullreference,0.2536254
9.194766,Nullreference,0.2594497
9.205571,Nullreference,0.2612019
9.216892,Nullreference,0.2659949
9.23133,Nullreference,0.263427
9.242319,Nullreference,0.2682276
9.253273,Nullreference,0.2696621
9.264667,Nullreference,0.2730545
9.276298,Nullreference,0.2868409
9.287045,Nullreference,0.30585
9.298539,Nullreference,0.3091564
9.309713,Nullreference,0.3189317
9.32142,Nullreference,0.3258971
9.333665,Nullreference,0.32476
9.346736,Nullreference,0.3194875
9.358096,Nullreference,0.3230931
9.370103,Nullreference,0.3280041
9.385139,Nullreference,0.3316616
9.396477,Nullreference,0.3289423
9.407405,Nullreference,0.327799
9.419127,Nullreference,0.3198512
9.43147,Nullreference,0.3179342
9.444366,Nullreference,0.3001969
9.455321,Nullreference,0.2861979
9.467011,Nullreference,0.2739465
9.479923,Nullreference,0.2608899
9.491556,Nullreference,0.2552898
9.505347,Nullreference,0.2410004
9.516775,Nullreference,0.2347106
9.527864,Nullreference,0.2164625
9.543059,Nullreference,0.1995878
9.556551,Nullreference,0.1668976
9.568196,Nullreference,0.1485659
9.580214,Nullreference,0.1457187
9.591478,Nullreference,0.1438012
9.603794,Nullreference,0.1406323
9.615844,Nullreference,0.1300241
9.6269,Nullreference,0.1211992
9.639163,Nullreference,0.1057472
9.650722,Nullreference,0.09882029
9.662045,Nullreference,0.09438398
9.674228,Nullreference,0.08685259
9.686422,Nullreference,0.07968494
9.702242,Nullreference,0.0752545
9.715027,Nullreference,0.07130001
9.727242,Nullreference,0.06729179
9.739105,Nullreference,0.06162793
9.751742,Nullreference,0.06147495
9.764701,Nullreference,0.06583866
9.777732,Nullreference,0.07422484
9.789311,Nullreference,0.06900175
9.801942,Nullreference,0.07067043
9.81476,Nullreference,0.07336171
9.826906,Nullreference,0.07454649
9.839861,Nullreference,0.07083946
9.855972,Nullreference,0.06625558
9.869495,Nullreference,0.05121967
9.882997,Nullreference,0.03103527
9.894741,Nullreference,0.02159146
9.907537,Nullreference,0.01786893
9.920162,Nullreference,0.02316792
9.933692,Nullreference,0.02800996
9.946504,Nullreference,0.03323145
9.959132,Nullreference,0.03592043
9.971334,Nullreference,0.03699682
9.983012,Nullreference,0.03384212
9.995459,Nullreference,0.0283362
10.00934,Nullreference,0.03787462
10.02172,Nullreference,0.03949656
10.03366,Nullreference,0.04253657
10.04578,Nullreference,0.0428446
10.05681,Nullreference,0.05033827
10.13151,Nullreference,0.05489071
10.14373,Nullreference,0.06070868
10.15952,Nullreference,0.04728067
10.17369,Nullreference,0.05642555
10.18579,Nullreference,0.05876914
10.19808,Nullreference,0.07013806
10.21009,Nullreference,0.07826415
10.22223,Nullreference,0.0818055
10.23577,Nullreference,0.07571121
10.24945,Nullreference,0.07160799
10.26245,Nullreference,0.06046871
10.276,Nullreference,0.05528331
10.28993,Nullreference,0.0500667
10.30505,Nullreference,0.04400091
10.31805,Nullreference,0.03891891
10.33544,Nullreference,0.04137
10.34895,Nullreference,0.03496939
10.36159,Nullreference,0.03320127
10.37604,Nullreference,0.03213155
10.38887,Nullreference,0.02991283
10.40127,Nullreference,0.03240328
10.41531,Nullreference,0.0434426
10.42787,Nullreference,0.04499687
10.44121,Nullreference,0.04754668
10.45474,Nullreference,0.04785011
10.46766,Nullreference,0.04875928
10.48435,Nullreference,0.0445252
10.50074,Nullreference,0.05158713
10.51621,Nullreference,0.04650155
10.52806,Nullreference,0.04841556
10.54001,Nullreference,0.05147018
10.55253,Nullreference,0.04596972
10.56453,Nullreference,0.04415052
10.57705,Nullreference,0.03407931
10.589,Nullreference,0.03797631
10.60096,Nullreference,0.0481859
10.61318,Nullreference,0.05479658
10.62568,Nullreference,0.06250279
10.63928,Nullreference,0.07567697
10.65415,Nullreference,0.08027964
10.66597,Nullreference,0.09263566
10.67766,Nullreference,0.09630184
10.68922,Nullreference,0.08600441
10.70191,Nullreference,0.07001848
10.71372,Nullreference,0.06671198
10.72553,Nullreference,0.05646952
10.73739,Nullreference,0.05338565
10.74927,Nullreference,0.03981319
10.76181,Nullreference,0.04138263
10.7746,Nullreference,0.05062687
10.78734,Nullreference,0.05610034
10.80036,Nullreference,0.0751195
10.81612,Nullreference,0.09303068
10.82961,Nullreference,0.1119549
10.84235,Nullreference,0.122182
10.85446,Nullreference,0.1339622
10.86626,Nullreference,0.1466949
10.87788,Nullreference,0.1389143
10.89025,Nullreference,0.1352299
10.90354,Nullreference,0.1323851
10.91497,Nullreference,0.1338192
10.9273,Nullreference,0.1353714
10.94065,Nullreference,0.1177877
10.95386,Nullreference,0.102438
10.96978,Nullreference,0.08495821
10.98227,Nullreference,0.07651349
10.99513,Nullreference,0.08375932
11.00807,Nullreference,0.08496481
11.01996,Nullreference,0.07821656
11.03269,Nullreference,0.06601539
11.04535,Nullreference,0.04748424
11.05832,Nullreference,0.03876872
11.07291,Nullreference,0.03696884
11.08562,Nullreference,0.03209382
11.09711,Nullreference,0.02706293
11.1088,Nullreference,0.02891456
11.12465,Nullreference,0.02707279
11.13586,Nullreference,0.023816
11.14963,Nullreference,0.0161819
11.16078,Nullreference,0.01448965
11.17299,Nullreference,0.02035839
11.18569,Nullreference,0.02687833
11.19836,Nullreference,0.03091672
11.21079,Nullreference,0.03618222
11.22452,Nullreference,0.03528403
11.23802,Nullreference,0.04213221
11.25025,Nullreference,0.04876634
11.26223,Nullreference,0.05572446
11.27699,Nullreference,0.06403448
11.28949,Nullreference,0.07279936
11.30226,Nullreference,0.0749089
11.31574,Nullreference,0.07746953
11.32698,Nullreference,0.07460072
11.34045,Nullreference,0.06675317
11.35386,Nullreference,0.06554203
11.36599,Nullreference,0.06300459
11.37821,Nullreference,0.05340869
11.39128,Nullreference,0.05381713
11.40473,Nullreference,0.05166725
11.41762,Nullreference,0.04665449
11.43329,Nullreference,0.040375
11.44613,Nullreference,0.04422846
11.45796,Nullreference,0.05892747
11.47072,Nullreference,0.05515651
11.48191,Nullreference,0.05177258
11.4934,Nullreference,0.04788403
11.5069,Nullreference,0.04090665
11.52015,Nullreference,0.04478534
11.53168,Nullreference,0.04956445
11.54422,Nullreference,0.05647044
11.55626,Nullreference,0.0622466
11.56794,Nullreference,0.06367121
11.58298,Nullreference,0.07194692
11.59618,Nullreference,0.06857125
11.60977,Nullreference,0.06199992
11.6226,Nullreference,0.03919031
11.63522,Nullreference,0.03186939
11.64793,Nullreference,0.03353105
11.66065,Nullreference,0.01972269
11.67322,Nullreference,0.01396452
11.68496,Nullreference,0.02184395
11.69691,Nullreference,0.02924993
11.70936,Nullreference,0.03430686
11.72225,Nullreference,0.04018788
11.73826,Nullreference,0.03412624
11.75062,Nullreference,0.03279547
11.76278,Nullreference,0.02845955
11.77484,Nullreference,0.02674234
11.7878,Nullreference,0.03485838
11.80015,Nullreference,0.03756351
11.81366,Nullreference,0.03248944
11.82657,Nullreference,0.02289262
11.83994,Nullreference,0.01676974
11.85274,Nullreference,0.01614391
11.86572,Nullreference,0.01711531
11.8792,Nullreference,0.01526955
11.89471,Nullreference,0.01404901
11.90835,Nullreference,0.01247938
11.92032,Nullreference,0.0257877
11.93422,Nullreference,0.02361044
11.94643,Nullreference,0.01199464
11.95798,Nullreference,0.005980673
11.97067,Nullreference,0.01186789
11.98254,Nullreference,0.02043722
11.99583,Nullreference,0.02087752
12.00834,Nullreference,0.02078996
12.01985,Nullreference,0.005862482
12.03246,Nullreference,0.01652817
12.04756,Nullreference,0.01252273
12.05921,Nullreference,0.01286325
12.07305,Nullreference,0.01189112
12.085,Nullreference,0.01307914
12.09609,Nullreference,0.01976458
12.10843,Nullreference,0.02460922
12.11995,Nullreference,0.03203023
12.13191,Nullreference,0.03827983
12.14398,Nullreference,0.04881731
12.15619,Nullreference,0.04921047
12.16808,Nullreference,0.04189641
12.18009,Nullreference,0.04157037
12.19366,Nullreference,0.04063248
12.20898,Nullreference,0.03671824
12.22238,Nullreference,0.0429069
12.23451,Nullreference,0.04254825
12.24627,Nullreference,0.04271794
12.25988,Nullreference,0.03676068
12.27206,Nullreference,0.03872782
12.28403,Nullreference,0.02883162
12.30035,Nullreference,0.03114264
12.31597,Nullreference,0.02908419
12.33205,Nullreference,0.02649412
12.34525,Nullreference,0.0218763
12.36203,Nullreference,0.01880261
12.37602,Nullreference,0.01809024
12.39141,Nullreference,0.03192679
12.40613,Nullreference,0.03624356
12.41805,Nullreference,0.04369413
12.42993,Nullreference,0.04904971
12.44293,Nullreference,0.05031498
12.45534,Nullreference,0.05172075
12.46764,Nullreference,0.04959521
12.47939,Nullreference,0.05201606
12.49262,Nullreference,0.04722403
12.50617,Nullreference,0.04873957
12.52135,Nullreference,0.06226582
12.53377,Nullreference,0.08253596
12.54541,Nullreference,0.08732302
12.55795,Nullreference,0.09888077
12.56919,Nullreference,0.09671821
12.58215,Nullreference,0.09283578
12.59532,Nullreference,0.08178253
12.60785,Nullreference,0.07711537
12.62093,Nullreference,0.06342089
12.6334,Nullreference,0.05030843
12.64674,Nullreference,0.04627224
12.65887,Nullreference,0.05228386
12.67395,Nullreference,0.05180575
12.68595,Nullreference,0.05696794
12.6985,Nullreference,0.06134674
12.7102,Nullreference,0.0669724
12.72356,Nullreference,0.07048348
12.73628,Nullreference,0.0710309
12.74933,Nullreference,0.07087982
12.76206,Nullreference,0.06365008
12.77539,Nullreference,0.05967985
12.78872,Nullreference,0.0634786
12.80141,Nullreference,0.06978062
12.81317,Nullreference,0.07260352
12.82837,Nullreference,0.07082955
12.84,Nullreference,0.06737194
12.85228,Nullreference,0.06456798
12.8641,Nullreference,0.06729577
12.87633,Nullreference,0.06753355
12.88788,Nullreference,0.07099781
12.89984,Nullreference,0.06794263
12.91244,Nullreference,0.06550667
12.9241,Nullreference,0.06095747
12.93568,Nullreference,0.05299655
12.94703,Nullreference,0.04391859
12.96003,Nullreference,0.02486175
12.97198,Nullreference,0.01691796
12.98762,Nullreference,0.006739057
12.99998,Nullreference,0.03533723
13.01172,Nullreference,0.06342085
13.02506,Nullreference,0.07482952
13.03832,Nullreference,0.07970697
13.04988,Nullreference,0.07910183
13.06269,Nullreference,0.07527617
13.07496,Nullreference,0.07606946
13.08695,Nullreference,0.06942503
13.09929,Nullreference,0.04900507
13.11189,Nullreference,0.04682945
13.12385,Nullreference,0.03685516
13.13995,Nullreference,0.03924888
13.15179,Nullreference,0.0327653
13.16402,Nullreference,0.03192278
13.17795,Nullreference,0.03031961
13.19078,Nullreference,0.03039726
13.20255,Nullreference,0.03281332
13.21423,Nullreference,0.03723283
13.22622,Nullreference,0.04701341
13.23808,Nullreference,0.06187266
13.2507,Nullreference,0.06701517
13.26261,Nullreference,0.06711859
13.27479,Nullreference,0.0586529
13.29128,Nullreference,0.04039437
13.30423,Nullreference,0.03425005
13.31682,Nullreference,0.03383294
13.32913,Nullreference,0.02752808
13.34213,Nullreference,0.02314621
13.3549,Nullreference,0.02921396
13.36902,Nullreference,0.04063993
13.3826,Nullreference,0.0369324
13.39713,Nullreference,0.03261857
13.41141,Nullreference,0.0300191
13.42464,Nullreference,0.03375465
13.43652,Nullreference,0.04212745
13.4517,Nullreference,0.04550336
13.46297,Nullreference,0.04976846
13.47501,Nullreference,0.05388576
13.48771,Nullreference,0.05698716
13.50022,Nullreference,0.05204449
13.51343,Nullreference,0.04972612
13.52684,Nullreference,0.04649849
13.53889,Nullreference,0.03891153
13.55211,Nullreference,0.03020071
13.56445,Nullreference,0.02802444
13.57602,Nullreference,0.03001659
13.58821,Nullreference,0.03051658
13.60343,Nullreference,0.03918854
13.61666,Nullreference,0.04823325
13.63003,Nullreference,0.05194141
13.64169,Nullreference,0.05118724
13.65472,Nullreference,0.1027719
13.668,Nullreference,0.129238
13.68184,Nullreference,0.1348396
13.69302,Nullreference,0.1455789
13.70667,Nullreference,0.1539508
13.71929,Nullreference,0.1590991
13.73224,Nullreference,0.1616216
13.74477,Nullreference,0.1576014
13.76051,Nullreference,0.141817
13.77348,Nullreference,0.1282526
13.78663,Nullreference,0.1164728
13.79874,Nullreference,0.1047148
13.81062,Nullreference,0.09261979
13.82284,Nullreference,0.08443619
13.83435,Nullreference,0.0710098
13.84647,Nullreference,0.04528921
13.85791,Nullreference,0.03818632
13.87114,Nullreference,0.05099142
13.88325,Nullreference,0.07900156
13.89729,Nullreference,0.1011765
13.91321,Nullreference,0.1229558
13.92621,Nullreference,0.1284445
13.9389,Nullreference,0.1233626
13.95217,Nullreference,0.1292499
13.96692,Nullreference,0.133647
13.98029,Nullreference,0.115164
13.99187,Nullreference,0.09449268
14.00433,Nullreference,0.0821072
14.01674,Nullreference,0.07311215
14.03054,Nullreference,0.0608606
14.04212,Nullreference,0.05385277
14.05402,Nullreference,0.05006258
14.06989,Nullreference,0.05160849
14.08195,Nullreference,0.04787633
14.09341,Nullreference,0.04087484
14.10585,Nullreference,0.04387176
14.11942,Nullreference,0.03941803
14.13303,Nullreference,0.03437336
14.1466,Nullreference,0.03212802
14.15871,Nullreference,0.02730306
14.17117,Nullreference,0.02228676
14.18315,Nullreference,0.02511075
14.19499,Nullreference,0.02332325
14.20707,Nullreference,0.02817184
14.22334,Nullreference,0.02763768
14.23609,Nullreference,0.02161723
14.24841,Nullreference,0.02472985
14.26015,Nullreference,0.02520644
14.27189,Nullreference,0.03154014
14.28544,Nullreference,0.03173739
14.29856,Nullreference,0.03808195
14.31176,Nullreference,0.04827283
14.32556,Nullreference,0.05153356
14.33913,Nullreference,0.04665907
14.35185,Nullreference,0.03436385
14.3645,Nullreference,0.03301752
14.38017,Nullreference,0.01958498
14.39242,Nullreference,0.01923601
14.40543,Nullreference,0.01807977
14.42142,Nullreference,0.02596793
14.43407,Nullreference,0.02482152
14.44733,Nullreference,0.03217286
14.45903,Nullreference,0.03144312
14.47199,Nullreference,0.03254818
14.48441,Nullreference,0.02965877
14.49603,Nullreference,0.02542843
14.50753,Nullreference,0.02446032
14.5214,Nullreference,0.02330841
14.53854,Nullreference,0.02092018
14.55015,Nullreference,0.02639405
14.5642,Nullreference,0.02579154
14.57781,Nullreference,0.01593619
14.5908,Nullreference,0.01587088
14.60449,Nullreference,0.01477428
14.61838,Nullreference,0.01786718
14.63032,Nullreference,0.02542827
14.64215,Nullreference,0.02988635
14.65479,Nullreference,0.03790218
14.66756,Nullreference,0.03893637
14.681,Nullreference,0.04138415
14.69704,Nullreference,0.03930814
14.70928,Nullreference,0.03674785
14.72093,Nullreference,0.03743137
14.73339,Nullreference,0.03739915
14.74652,Nullreference,0.0325892
14.75853,Nullreference,0.03514415
14.77119,Nullreference,0.02902332
14.78487,Nullreference,0.02093202
14.79784,Nullreference,0.01277723
14.80993,Nullreference,0.0161441
14.82209,Nullreference,0.01573876
14.83444,Nullreference,0.01948422
14.84933,Nullreference,0.02101053
14.86279,Nullreference,0.02154013
14.87474,Nullreference,0.02032732
14.88711,Nullreference,0.01573195
14.90002,Nullreference,0.01789103
14.91293,Nullreference,0.01234582
14.92555,Nullreference,0.01246638
14.93924,Nullreference,0.006911678
14.95236,Nullreference,0.01261385
14.96469,Nullreference,0.005381188
14.97792,Nullreference,0.004642594
14.99095,Nullreference,0.01324292
15.00718,Nullreference,0.01906788
15.01982,Nullreference,0.02590752
15.03217,Nullreference,0.02454898
15.04376,Nullreference,0.02526427
15.05669,Nullreference,0.02064546
15.06936,Nullreference,0.02125228
15.08155,Nullreference,0.02853413
15.09457,Nullreference,0.02988083
15.10725,Nullreference,0.02265408
15.11953,Nullreference,0.01662324
15.13237,Nullreference,0.009645531
15.14551,Nullreference,0.00932763
15.16057,Nullreference,0.01740489
15.1741,Nullreference,0.02408294
15.1879,Nullreference,0.02776673
15.20029,Nullreference,0.02979981
15.21374,Nullreference,0.03084916
15.2252,Nullreference,0.02732467
15.23759,Nullreference,0.02586977
15.24918,Nullreference,0.02592212
15.2611,Nullreference,0.0244805
15.2739,Nullreference,0.02304035
15.28587,Nullreference,0.02088456
15.29853,Nullreference,0.01913487
15.31414,Nullreference,0.01587406
15.32733,Nullreference,0.01597772
15.34045,Nullreference,0.01650224
15.3552,Nullreference,0.02209104
15.36967,Nullreference,0.0306867
15.38313,Nullreference,0.03327835
15.39514,Nullreference,0.0403652
15.40715,Nullreference,0.04057172
15.42025,Nullreference,0.04138238
15.4338,Nullreference,0.04059114
15.44707,Nullreference,0.0396404
15.45992,Nullreference,0.03461962
15.47685,Nullreference,0.02726729
15.48973,Nullreference,0.01906607
15.50303,Nullreference,0.01947041
15.51623,Nullreference,0.02368036
15.52968,Nullreference,0.02433529
15.54264,Nullreference,0.02797595
15.55626,Nullreference,0.02919606
15.56872,Nullreference,0.03239383
15.58295,Nullreference,0.03776515
15.59498,Nullreference,0.04502608
15.60725,Nullreference,0.04747577
15.61925,Nullreference,0.04520798
15.6357,Nullreference,0.03174545
15.64913,Nullreference,0.02493872
15.66237,Nullreference,0.02550667
15.67469,Nullreference,0.02123765
15.68778,Nullreference,0.02091635
15.69998,Nullreference,0.01810977
15.7177,Nullreference,0.01321344
15.72976,Nullreference,0.01235189
15.74157,Nullreference,0.01789976
15.75404,Nullreference,0.01605082
15.76664,Nullreference,0.01233561
15.77832,Nullreference,0.008271787
15.79312,Nullreference,0.01133843
15.80642,Nullreference,0.01549213
15.81893,Nullreference,0.01346404
15.83189,Nullreference,0.01319772
15.84536,Nullreference,0.01362944
15.85869,Nullreference,0.01779477
15.87194,Nullreference,0.01301959
15.88527,Nullreference,0.01651573
15.89763,Nullreference,0.01887098
15.90937,Nullreference,0.02534453
15.92155,Nullreference,0.02879556
15.93403,Model Text Impact [t](Clone),0.03778844
15.95021,Model Text Impact [e](Clone),0.0541803
15.96276,Model Text Impact [e](Clone),0.06505908
15.97621,Model Text Impact [e](Clone),0.08922108
15.99075,Model Text Impact [e](Clone),0.09987621
16.00398,Model Text Impact [e](Clone),0.1159508
16.01576,Model Text Impact [e](Clone),0.1297172
16.02943,Model Text Impact [e](Clone),0.1397954
16.04197,Model Text Impact [e](Clone),0.1656548
16.05602,Model Text Impact [e](Clone),0.1808721
16.06819,Model Text Impact [e](Clone),0.1926159
16.08137,Model Text Impact [e](Clone),0.2080157
16.09362,Model Text Impact [e](Clone),0.2201151
16.10961,Model Text Impact [e](Clone),0.2279079
16.1217,Model Text Impact [e](Clone),0.2492419
16.13454,Model Text Impact [e](Clone),0.2566191
16.14767,Model Text Impact [e](Clone),0.2633553
16.15994,Model Text Impact [e](Clone),0.2796811
16.17228,Model Text Impact [e](Clone),0.2894259
16.18455,Model Text Impact [e](Clone),0.2944363
16.19693,Model Text Impact [e](Clone),0.2975844
16.21056,Model Text Impact [e](Clone),0.298978
16.22388,Model Text Impact [e](Clone),0.2932058
16.23617,Model Text Impact [e](Clone),0.2971145
16.24931,Model Text Impact [e](Clone),0.3004439
16.26602,Model Text Impact [e](Clone),0.3027717
16.27879,Model Text Impact [e](Clone),0.3050408
16.29051,Model Text Impact [e](Clone),0.3047747
16.30262,Model Text Impact [e](Clone),0.3074151
16.31549,Model Text Impact [e](Clone),0.3068908
16.32752,Model Text Impact [e](Clone),0.3126122
16.34004,Model Text Impact [e](Clone),0.3151831
16.35393,Model Text Impact [e](Clone),0.3163735
16.3664,Model Text Impact [e](Clone),0.31684
16.37929,Model Text Impact [r](Clone),0.3214281
16.39199,Model Text Impact [r](Clone),0.3231521
16.40468,Model Text Impact [r](Clone),0.3286352
16.42056,Model Text Impact [r](Clone),0.3329121
16.43393,Model Text Impact [r](Clone),0.3368781
16.44609,Model Text Impact [r](Clone),0.3336102
16.45852,Model Text Impact [r](Clone),0.3273426
16.47235,Model Text Impact [r](Clone),0.3298919
16.48664,Model Text Impact [r](Clone),0.32789
16.49969,Model Text Impact [r](Clone),0.3264484
16.51376,Model Text Impact [r](Clone),0.3245938
16.52706,Model Text Impact [r](Clone),0.3242452
16.54043,Model Text Impact [r](Clone),0.3213729
16.55767,Model Text Impact [r](Clone),0.3157562
16.57378,Model Text Impact [r](Clone),0.3162969
16.58604,Model Text Impact [r](Clone),0.3154849
16.59941,Model Text Impact [r](Clone),0.3126908
16.61339,Model Text Impact [r](Clone),0.3123363
16.62579,Model Text Impact [r](Clone),0.3070273
16.63904,Model Text Impact [r](Clone),0.3019955
16.65082,Model Text Impact [r](Clone),0.29842
16.66307,Model Text Impact [r](Clone),0.2924421
16.67591,Model Text Impact [r](Clone),0.2863294
16.68849,Model Text Impact [r](Clone),0.2811819
16.70109,Model Text Impact [e](Clone),0.2844714
16.71322,Model Text Impact [e](Clone),0.2811623
16.72875,Model Text Impact [e](Clone),0.2850312
16.74163,Model Text Impact [e](Clone),0.2808178
16.75379,Model Text Impact [e](Clone),0.2738855
16.76519,Model Text Impact [r](Clone),0.2675001
16.77746,Nullreference,0.2578309
16.79101,Nullreference,0.2455599
16.8063,Nullreference,0.2391139
16.81849,Nullreference,0.2374826
16.83048,Nullreference,0.2298659
16.84361,Nullreference,0.2261987
16.85602,Nullreference,0.2221348
16.86795,Nullreference,0.2152416
16.88284,Nullreference,0.2105611
16.89577,Nullreference,0.203248
16.90741,Nullreference,0.2017447
16.91893,Nullreference,0.183423
16.93265,Nullreference,0.1739835
16.94422,Nullreference,0.1585968
16.95716,Nullreference,0.1453873
16.96947,Nullreference,0.1364194
16.98131,Nullreference,0.1272717
16.99407,Nullreference,0.1143864
17.00765,Nullreference,0.1060979
17.02053,Nullreference,0.07253922
17.03809,Nullreference,0.06229316
17.05083,Nullreference,0.06128576
17.06284,Nullreference,0.06247076
17.07565,Nullreference,0.07810249
17.08725,Nullreference,0.08076366
17.09887,Nullreference,0.08135745
17.11163,Nullreference,0.07295343
17.12467,Nullreference,0.06086878
17.13802,Nullreference,0.05267663
17.15058,Nullreference,0.04148461
17.16337,Nullreference,0.04119341
17.17561,Nullreference,0.03885522
17.19061,Nullreference,0.03638646
17.20248,Nullreference,0.03115412
17.21417,Nullreference,0.02552729
17.22664,Nullreference,0.01983898
17.23948,Nullreference,0.01870172
17.25126,Nullreference,0.03070813
17.26353,Nullreference,0.05058396
17.27604,Nullreference,0.05894864
17.28997,Nullreference,0.06957665
17.30295,Nullreference,0.07693942
17.31573,Nullreference,0.07964887
17.3278,Nullreference,0.08695271
17.3437,Nullreference,0.08771399
17.35739,Nullreference,0.1011236
17.37059,Nullreference,0.1033475
17.38398,Nullreference,0.1090284
17.39668,Nullreference,0.1140457
17.40946,Nullreference,0.1169372
17.42258,Nullreference,0.1141637
17.43395,Nullreference,0.1165999
17.44655,Nullreference,0.1236639
17.45821,Nullreference,0.1263905
17.47068,Nullreference,0.1230679
17.483,Nullreference,0.1177312
17.49898,Nullreference,0.1129408
17.5116,Nullreference,0.1066453
17.52418,Nullreference,0.0954689
17.53645,Nullreference,0.08908921
17.54826,Nullreference,0.07696169
17.56023,Nullreference,0.06713779
17.5734,Model Text Impact [e](Clone),0.06145754
17.58684,Nullreference,0.028047
17.59995,Nullreference,0.0222535
17.61203,Nullreference,0.01527841
17.62435,Nullreference,0.02808966
17.63655,Nullreference,0.03018667
17.6517,Nullreference,0.03356419
17.66416,Nullreference,0.03077639
17.67676,Nullreference,0.03008004
17.68997,Nullreference,0.02962564
17.70244,Nullreference,0.02984861
17.7151,Nullreference,0.03675849
17.72697,Nullreference,0.03080138
17.73913,Nullreference,0.02872677
17.75242,Nullreference,0.03923428
17.76562,Nullreference,0.04330359
17.77867,Model Text Impact [e](Clone),0.04388582
17.79252,Model Text Impact [e](Clone),0.05099289
17.80866,Model Text Impact [e](Clone),0.05677156
17.82261,Model Text Impact [e](Clone),0.06219453
17.83568,Model Text Impact [e](Clone),0.06099879
17.84861,Model Text Impact [e](Clone),0.06088527
17.86171,Model Text Impact [e](Clone),0.0572167
17.87539,Model Text Impact [e](Clone),0.0361998
17.88796,Model Text Impact [e](Clone),0.02366678
17.90045,Model Text Impact [e](Clone),0.01080938
17.91235,Model Text Impact [e](Clone),0.005976093
17.92568,Model Text Impact [e](Clone),0.01309076
17.93965,Model Text Impact [e](Clone),0.01570239
17.95135,Model Text Impact [e](Clone),0.01846491
17.96625,Model Text Impact [e](Clone),0.03904276
17.97829,Model Text Impact [e](Clone),0.04297378
17.99063,Model Text Impact [e](Clone),0.05892871
18.00244,Model Text Impact [e](Clone),0.06697237
18.01436,Model Text Impact [e](Clone),0.08267698
18.02694,Model Text Impact [e](Clone),0.09417699
18.04036,Model Text Impact [e](Clone),0.1042058
18.05305,Model Text Impact [e](Clone),0.1372935
18.06556,Model Text Impact [e](Clone),0.1509528
18.07803,Model Text Impact [e](Clone),0.1704137
18.09083,Model Text Impact [e](Clone),0.1882934
18.10317,Model Text Impact [e](Clone),0.2084699
18.11917,Model Text Impact [e](Clone),0.2179142
18.13286,Model Text Impact [e](Clone),0.2440488
18.14584,Nullreference,0.2656915
18.15767,Nullreference,0.2936663
18.17089,Nullreference,0.3189606
18.18226,Nullreference,0.3484027
18.1945,Nullreference,0.3714633
18.20638,Nullreference,0.3974776
18.21861,Nullreference,0.4381116
18.23004,Nullreference,0.4573507
18.24364,Nullreference,0.4715587
18.25511,Nullreference,0.4805797
18.271,Nullreference,0.487708
18.2832,Nullreference,0.4987894
18.29584,Nullreference,0.5036241
18.30913,Nullreference,0.5138927
18.32178,Nullreference,0.5102537
18.3347,Nullreference,0.5080806
18.34671,Nullreference,0.508185
18.36012,Nullreference,0.4979356
18.37369,Nullreference,0.4914592
18.38551,Nullreference,0.4585129
18.39742,Nullreference,0.4486537
18.41149,Nullreference,0.4268757
18.42707,Nullreference,0.4070382
18.43972,Nullreference,0.3826263
18.45225,Nullreference,0.3352534
18.4644,Nullreference,0.3117811
18.47714,Nullreference,0.2920225
18.4913,Nullreference,0.267731
18.5037,Nullreference,0.246141
18.51593,Nullreference,0.2320865
18.52846,Nullreference,0.2085759
18.54137,Nullreference,0.1664521
18.55341,Nullreference,0.1439735
18.56549,Nullreference,0.1238005
18.58188,Nullreference,0.1084536
18.59541,Nullreference,0.09346316
18.60921,Nullreference,0.0794224
18.62183,Nullreference,0.08360434
18.63376,Nullreference,0.0785824
18.64558,Nullreference,0.07437019
18.65793,Nullreference,0.06345546
18.67039,Nullreference,0.05905855
18.68242,Nullreference,0.06150405
18.69473,Nullreference,0.05610589
18.70711,Nullreference,0.05532275
18.72007,Nullreference,0.05973223
18.73993,Nullreference,0.06223617
18.75274,Nullreference,0.08795915
18.76431,Nullreference,0.1005561
18.77666,Nullreference,0.1152291
18.7883,Nullreference,0.1277041
18.80044,Nullreference,0.1415834
18.81378,Nullreference,0.1543085
18.82566,Nullreference,0.1604022
18.83746,Nullreference,0.1691062
18.84916,Nullreference,0.1669978
18.86207,Nullreference,0.1661531
18.87428,Nullreference,0.1581596
18.88995,Nullreference,0.1568253
18.90196,Nullreference,0.1577858
18.9149,Nullreference,0.1619031
18.92798,Nullreference,0.1692145
18.94026,Nullreference,0.1890918
18.95235,Nullreference,0.2061638
18.96429,Nullreference,0.2210349
18.97802,Nullreference,0.2294707
18.99085,Nullreference,0.2344132
19.00239,Nullreference,0.2390428
19.01499,Nullreference,0.2444803
19.02837,Nullreference,0.2551427
19.04342,Nullreference,0.2619566
19.05573,Nullreference,0.2906886
19.0682,Nullreference,0.3099177
19.08026,Nullreference,0.3333738
19.09456,Nullreference,0.3432548
19.10822,Nullreference,0.3472143
19.1212,Nullreference,0.3503216
19.13401,Nullreference,0.3443655
19.14719,Nullreference,0.3384085
19.16057,Nullreference,0.3386834
19.17442,Nullreference,0.3483447
19.18705,Nullreference,0.3543663
19.20283,Nullreference,0.3594034
19.21591,Nullreference,0.3669548
19.22979,Nullreference,0.3796217
19.24269,Nullreference,0.3987222
19.25516,Nullreference,0.3982926
19.26839,Nullreference,0.4037846
19.28054,Nullreference,0.4088216
19.29366,Nullreference,0.409116
19.30643,Nullreference,0.3925226
19.31982,Nullreference,0.3966672
19.33333,Nullreference,0.3858765
19.34746,Nullreference,0.37866
19.36451,Nullreference,0.376826
19.37699,Nullreference,0.3751104
19.38888,Nullreference,0.3717463
19.40055,Nullreference,0.3473644
19.41394,Nullreference,0.3182226
19.42674,Nullreference,0.2866415
19.44054,Nullreference,0.2562007
19.45421,Nullreference,0.2005577
19.46762,Nullreference,0.1812711
19.48133,Nullreference,0.1568673
19.4951,Nullreference,0.1383451
19.50805,Nullreference,0.1048729
19.52387,Nullreference,0.08985308
19.53712,Nullreference,0.06939603
19.5501,Nullreference,0.05436034
19.56285,Nullreference,0.04678638
19.57587,Nullreference,0.04559153
19.58894,Nullreference,0.03337435
19.60272,Nullreference,0.03276507
19.61659,Nullreference,0.03888778
19.62984,Nullreference,0.04653409
19.64158,Nullreference,0.05067111
19.65466,Nullreference,0.06030396
19.66684,Nullreference,0.0712133
19.68218,Nullreference,0.08213931
19.69533,Nullreference,0.09672854
19.70932,Nullreference,0.1243792
19.72298,Nullreference,0.1222835
19.73608,Nullreference,0.1264935
19.7491,Nullreference,0.1248679
19.76233,Nullreference,0.1256873
19.77494,Nullreference,0.1411395
19.78872,Nullreference,0.1667976
19.80062,Nullreference,0.202586
19.81274,Nullreference,0.2124874
19.82534,Nullreference,0.2258995
19.84197,Nullreference,0.2442425
19.85348,Nullreference,0.261669
19.86561,Nullreference,0.2610844
19.87799,Nullreference,0.2619951
19.89068,Nullreference,0.2547849
19.90248,Nullreference,0.2590606
19.91447,Nullreference,0.264454
19.92679,Nullreference,0.2783153
19.94046,Nullreference,0.3099284
19.95197,Nullreference,0.3276895
19.9651,Nullreference,0.3474376
19.97822,Nullreference,0.3616462
19.99346,Nullreference,0.379161
20.00537,Nullreference,0.3873216
20.01848,Nullreference,0.4007716
20.03231,Nullreference,0.4228941
20.04432,Nullreference,0.4447816
20.05647,Model Text Impact [e](Clone),0.4697665
20.0687,Model Text Impact [e](Clone),0.4761109
20.08263,Model Text Impact [e](Clone),0.4992228
20.09778,Model Text Impact [r](Clone),0.5434633
20.11033,Model Text Impact [r](Clone),0.5548939
20.1224,Model Text Impact [r](Clone),0.5631428
20.13557,Model Text Impact [r](Clone),0.5736921
20.15272,Model Text Impact [r](Clone),0.5791407
20.16708,Model Text Impact [r](Clone),0.5670823
20.18083,Model Text Impact [r](Clone),0.5742996
20.19336,Model Text Impact [r](Clone),0.5743363
20.20617,Model Text Impact [r](Clone),0.5714308
20.21806,Model Text Impact [r](Clone),0.5663337
20.23118,Model Text Impact [r](Clone),0.568055
20.24407,Model Text Impact [r](Clone),0.5573677
20.25826,Model Text Impact [r](Clone),0.547793
20.27242,Model Text Impact [r](Clone),0.5416339
20.28503,Model Text Impact [r](Clone),0.5196552
20.2975,Model Text Impact [r](Clone),0.5118742
20.3149,Model Text Impact [r](Clone),0.4982293
20.32837,Model Text Impact [e](Clone),0.4895245
20.34146,Model Text Impact [e](Clone),0.4632184
20.35501,Model Text Impact [e](Clone),0.4440778
20.3679,Model Text Impact [e](Clone),0.4250994
20.38276,Model Text Impact [e](Clone),0.4159094
20.39468,Model Text Impact [e](Clone),0.3982925
20.40685,Model Text Impact [e](Clone),0.3617195
20.42012,Model Text Impact [e](Clone),0.3485242
20.43239,Model Text Impact [e](Clone),0.3314093
20.44619,Model Text Impact [e](Clone),0.3157049
20.45983,Model Text Impact [e](Clone),0.3007507
20.47603,Model Text Impact [e](Clone),0.2851678
20.48967,Model Text Impact [e](Clone),0.2510206
20.50227,Model Text Impact [e](Clone),0.2161714
20.51489,Model Text Impact [e](Clone),0.1890279
20.5279,Model Text Impact [e](Clone),0.1513641
20.54027,Model Text Impact [e](Clone),0.09846266
20.554,Model Text Impact [e](Clone),0.07451472
20.56687,Model Text Impact [e](Clone),0.05840806
20.58105,Model Text Impact [e](Clone),0.0456165
20.59404,Model Text Impact [e](Clone),0.03344222
20.60699,Model Text Impact [e](Clone),0.03282138
20.62076,Model Text Impact [e](Clone),0.03665712
20.63685,Model Text Impact [e](Clone),0.03912709
20.64969,Model Text Impact [e](Clone),0.03980135
20.66302,Model Text Impact [e](Clone),0.05132243
20.67644,Nullreference,0.05656703
20.68841,Nullreference,0.06319475
20.70087,Nullreference,0.07387927
20.71416,Nullreference,0.07716803
20.72598,Nullreference,0.08568283
20.74043,Nullreference,0.08825673
20.75249,Nullreference,0.09642649
20.76541,Nullreference,0.09438212
20.7789,Nullreference,0.08905106
20.79436,Nullreference,0.09172577
20.807,Nullreference,0.0854499
20.81964,Nullreference,0.08510277
20.83183,Nullreference,0.07457938
20.84429,Nullreference,0.0660884
20.85674,Nullreference,0.05899546
20.86937,Nullreference,0.0524258
20.88148,Nullreference,0.04526047
20.89462,Nullreference,0.04205947
20.90693,Nullreference,0.04480428
20.91862,Nullreference,0.0571078
20.93099,Nullreference,0.07169783
20.9457,Nullreference,0.06504764
20.95815,Nullreference,0.06651673
20.97014,Nullreference,0.07598365
20.98969,Nullreference,0.08565684
21.00601,Nullreference,0.07738145
21.02154,Nullreference,0.05867927
21.03497,Nullreference,0.04783926
21.0477,Nullreference,0.03884061
21.05983,Nullreference,0.03267924
21.07249,Nullreference,0.02935548
21.0854,Nullreference,0.03127791
21.10275,Nullreference,0.03109904
21.11557,Nullreference,0.02994224
21.12847,Nullreference,0.03323866
21.1407,Nullreference,0.03341241
21.15434,Nullreference,0.02809137
21.16875,Nullreference,0.01861072
21.50209,Model Text Impact [s](Clone),0.09597367
21.51996,Model Text Impact [s](Clone),0.1041361
21.53279,Model Text Impact [s](Clone),0.1059556
21.54843,Model Text Impact [s](Clone),0.1105105
21.56168,Model Text Impact [s](Clone),0.1107839
21.57421,Model Text Impact [s](Clone),0.1123377
21.58774,Model Text Impact [s](Clone),0.1156577
21.60068,Model Text Impact [u](Clone),0.1160798
21.61382,Model Text Impact [u](Clone),0.1160606
21.62679,Model Text Impact [u](Clone),0.1231131
21.63945,Model Text Impact [u](Clone),0.1256455
21.65346,Model Text Impact [u](Clone),0.1292842
21.66656,Nullreference,0.1252644
21.67859,Nullreference,0.1231569
21.69074,Nullreference,0.1210019
21.70376,Nullreference,0.1171417
21.71869,Nullreference,0.1182555
21.7315,Nullreference,0.1116998
21.74476,Nullreference,0.1054764
21.75763,Nullreference,0.102012
21.77052,Nullreference,0.0945166
21.7832,Nullreference,0.08932488
21.79516,Nullreference,0.08160446
21.80908,Nullreference,0.06108277
21.8216,Model Text Impact [D](Clone),0.05763369
21.83365,Model Text Impact [D](Clone),0.04989741
21.84611,Model Text Impact [D](Clone),0.04920146
21.8583,Model Text Impact [D](Clone),0.03985578
21.87057,Model Text Impact [D](Clone),0.03909985
21.8824,Model Text Impact [D](Clone),0.03387294
21.89424,Model Text Impact [u](Clone),0.02576618
21.90778,Model Text Impact [u](Clone),0.01812956
21.92167,Model Text Impact [u](Clone),0.01479105
21.93433,Model Text Impact [u](Clone),0.01293232
21.94636,Model Text Impact [u](Clone),0.01225218
21.95849,Model Text Impact [u](Clone),0.01650744
21.97094,Model Text Impact [u](Clone),0.01604115
21.98293,Model Text Impact [u](Clone),0.01762074
21.99536,Model Text Impact [u](Clone),0.02610616
22.00721,Model Text Impact [u](Clone),0.02441374
22.02003,Model Text Impact [u](Clone),0.02966491
22.03405,Model Text Impact [u](Clone),0.02920954
22.04749,Model Text Impact [u](Clone),0.03082552
22.0601,Model Text Impact [u](Clone),0.03788846
22.07338,Model Text Impact [u](Clone),0.03732017
22.08521,Model Text Impact [u](Clone),0.03672146
22.09766,Model Text Impact [u](Clone),0.03909357
22.11116,Model Text Impact [u](Clone),0.04210939
22.12564,Model Text Impact [u](Clone),0.04372966
22.13905,Model Text Impact [u](Clone),0.04567137
22.15363,Model Text Impact [u](Clone),0.04073188
22.16705,Model Text Impact [u](Clone),0.04083827
22.17977,Model Text Impact [u](Clone),0.03345283
22.19647,Model Text Impact [u](Clone),0.02998419
22.21018,Model Text Impact [u](Clone),0.03074981
22.22774,Model Text Impact [u](Clone),0.03281609
22.24365,Model Text Impact [u](Clone),0.01973117
22.25714,Model Text Impact [D](Clone),0.01593099
22.27015,Model Text Impact [D](Clone),0.01723886
22.28252,Model Text Impact [D](Clone),0.01905457
22.2955,Model Text Impact [D](Clone),0.0171236
22.3091,Model Text Impact [D](Clone),0.01845157
22.32308,Model Text Impact [D](Clone),0.0196447
22.3369,Model Text Impact [D](Clone),0.02579456
22.35058,Model Text Impact [D](Clone),0.02464469
22.36366,Model Text Impact [D](Clone),0.03070445
22.3766,Model Text Impact [D](Clone),0.03351713
22.38863,Model Text Impact [D](Clone),0.02820403
22.40075,Model Text Impact [D](Clone),0.02531748
22.413,Model Text Impact [D](Clone),0.02006897
22.42672,Model Text Impact [D](Clone),0.01743716
22.4394,Model Text Impact [D](Clone),0.01339602
22.45131,Model Text Impact [D](Clone),0.007814451
22.46362,Model Text Impact [D](Clone),0.01052721
22.47635,Model Text Impact [D](Clone),0.01367345
22.48914,Model Text Impact [D](Clone),0.01380889
22.50153,Model Text Impact [D](Clone),0.01018136
22.55586,Model Text Impact [D](Clone),0.0147561
22.56943,Model Text Impact [D](Clone),0.02079162
22.58116,Model Text Impact [D](Clone),0.01724825
22.59516,Model Text Impact [D](Clone),0.02020249
22.60862,Model Text Impact [D](Clone),0.03051378
22.62138,Model Text Impact [D](Clone),0.02749501
22.63305,Model Text Impact [D](Clone),0.03213473
22.64636,Model Text Impact [D](Clone),0.03347931
22.66101,Nullreference,0.03552048
22.67389,Collider_Roger_State_action,0.04080598
22.68658,Collider_Roger_State_action,0.0419602
22.69985,Collider_Roger_State_action,0.04084555
22.7137,Collider_Roger_State_action,0.04668452
22.72651,Collider_Roger_State_action,0.04022625
22.73922,Collider_Roger_State_action,0.04010972
22.75158,Collider_Roger_State_action,0.03766236
22.76502,Collider_Roger_State_action,0.03279531
22.77942,Collider_Roger_State_action,0.03930537
22.79318,Collider_Roger_State_action,0.04152797
22.80605,Collider_Roger_State_action,0.0380026
22.82421,Collider_Roger_State_action,0.02602223
22.83673,Collider_Roger_State_action,0.02264443
22.84963,Collider_Roger_State_action,0.02083691
22.86287,Collider_Roger_State_action,0.01714266
22.88277,Collider_Roger_State_action,0.02182805
22.89711,Collider_Roger_State_action,0.01376715
22.91165,Collider_Roger_State_action,0.01600254
22.92442,Collider_Roger_State_action,0.01682424
22.93756,Collider_Roger_State_action,0.02435182
22.9508,Model Text Impact [D](Clone),0.02783817
22.9634,Model Text Impact [u](Clone),0.03359176
22.9768,Model Text Impact [u](Clone),0.02614665
22.99009,Model Text Impact [u](Clone),0.02702055
23.00231,Model Text Impact [u](Clone),0.02626329
23.01468,Model Text Impact [u](Clone),0.02979368
23.02812,Model Text Impact [u](Clone),0.02863213
23.04236,Model Text Impact [u](Clone),0.02783249
23.37569,Model Text Impact [s](Clone),0.03992012
23.39491,Model Text Impact [s](Clone),0.04231033
23.40993,Model Text Impact [s](Clone),0.05156986
23.42273,Model Text Impact [s](Clone),0.06670134
23.43629,Model Text Impact [u](Clone),0.07376418
23.45102,Model Text Impact [D](Clone),0.07144791
23.46432,Model Text Impact [D](Clone),0.07567272
23.4801,Model Text Impact [D](Clone),0.07410855
23.49446,Model Text Impact [D](Clone),0.1041087
23.50816,Model Text Impact [u](Clone),0.1069075
23.52033,Model Text Impact [u](Clone),0.1027427
23.53329,Model Text Impact [u](Clone),0.08454459
23.54532,Model Text Impact [u](Clone),0.06765586
23.55846,Model Text Impact [u](Clone),0.05210168
23.57245,Model Text Impact [u](Clone),0.03839165
23.5861,Model Text Impact [u](Clone),0.03919602
23.59851,Model Text Impact [u](Clone),0.03407074
23.61245,Model Text Impact [u](Clone),0.04076124
23.62519,Model Text Impact [u](Clone),0.06906721
23.63791,Model Text Impact [s](Clone),0.0807873
23.65022,Model Text Impact [s](Clone),0.09041274
23.66357,Model Text Impact [s](Clone),0.09490579
23.67563,Model Text Impact [s](Clone),0.1014702
23.6894,Model Text Impact [s](Clone),0.1072826
23.70151,Model Text Impact [s](Clone),0.1016672
23.71325,Model Text Impact [s](Clone),0.09177577
23.72537,Model Text Impact [s](Clone),0.05870939
23.73768,Model Text Impact [s](Clone),0.04443729
23.75001,Model Text Impact [s](Clone),0.04005411
23.76352,Model Text Impact [s](Clone),0.0362661
23.77565,Model Text Impact [s](Clone),0.04693529
23.7878,Model Text Impact [s](Clone),0.04776251
23.79947,Model Text Impact [s](Clone),0.03906401
23.81152,Model Text Impact [s](Clone),0.04095567
23.8245,Model Text Impact [s](Clone),0.05510704
23.8383,Model Text Impact [s](Clone),0.05997207
23.8528,Model Text Impact [s](Clone),0.05708764
23.8671,Model Text Impact [s](Clone),0.05220151
23.87939,Model Text Impact [u](Clone),0.05439103
23.8914,Model Text Impact [D](Clone),0.06545452
23.90582,Model Text Impact [D](Clone),0.04091694
23.91847,Model Text Impact [D](Clone),0.02668521
23.93268,Model Text Impact [D](Clone),0.03010777
23.94561,Model Text Impact [D](Clone),0.03179001
23.95792,Model Text Impact [D](Clone),0.04663588
23.97226,Model Text Impact [D](Clone),0.03648337
23.98475,Model Text Impact [D](Clone),0.04287903
23.99707,Model Text Impact [D](Clone),0.06111565
24.00983,Model Text Impact [D](Clone),0.07377519
24.02291,Model Text Impact [D](Clone),0.07403552
24.03576,Model Text Impact [D](Clone),0.05146375
24.04773,Model Text Impact [D](Clone),0.04905347
24.05971,Model Text Impact [D](Clone),0.04365189
24.07138,Model Text Impact [D](Clone),0.04167055
24.08364,Model Text Impact [D](Clone),0.04133684
24.09646,Model Text Impact [D](Clone),0.04925327
24.10973,Model Text Impact [D](Clone),0.06656102
24.12281,Model Text Impact [D](Clone),0.08046306
24.13639,Model Text Impact [D](Clone),0.08450921
24.14932,Model Text Impact [D](Clone),0.0818889
24.16276,Model Text Impact [p](Clone),0.08301822
24.17593,Model Text Impact [D](Clone),0.08215161
24.19022,Model Text Impact [D](Clone),0.07775656
24.20425,Model Text Impact [D](Clone),0.06299908
24.2192,Model Text Impact [D](Clone),0.05965598
24.23311,Model Text Impact [p](Clone),0.04386057
24.2478,Model Text Impact [p](Clone),0.02844625
24.26083,Model Text Impact [p](Clone),0.03370597
24.27387,Model Text Impact [p](Clone),0.03462014
24.28682,Model Text Impact [p](Clone),0.03442839
24.30023,Model Text Impact [p](Clone),0.03625246
24.31445,Model Text Impact [p](Clone),0.024375
24.32855,Model Text Impact [p](Clone),0.03403387
24.34605,Model Text Impact [p](Clone),0.03105104
24.35866,Model Text Impact [p](Clone),0.03251664
24.37091,Model Text Impact [p](Clone),0.02328072
24.39649,Model Text Impact [p](Clone),0.01500126
24.40901,Model Text Impact [p](Clone),0.02660308
24.4248,Model Text Impact [p](Clone),0.02659898
24.43838,Model Text Impact [p](Clone),0.02253455
24.45127,Model Text Impact [p](Clone),0.03542535
24.46453,Model Text Impact [p](Clone),0.03513962
24.4783,Model Text Impact [p](Clone),0.03782125
24.49186,Model Text Impact [p](Clone),0.04385014
24.50368,Model Text Impact [p](Clone),0.0432393
24.51659,Model Text Impact [p](Clone),0.04033943
24.5297,Model Text Impact [p](Clone),0.03294586
24.54221,Model Text Impact [p](Clone),0.03396979
24.55443,Model Text Impact [p](Clone),0.04787992
24.56806,Model Text Impact [p](Clone),0.05116607
24.58133,Model Text Impact [D](Clone),0.0391151
24.59517,Model Text Impact [u](Clone),0.03760265
24.6083,Model Text Impact [u](Clone),0.03707853
24.62057,Model Text Impact [u](Clone),0.03651588
24.63247,Model Text Impact [u](Clone),0.04088699
24.64439,Model Text Impact [u](Clone),0.05303081
24.65624,Model Text Impact [u](Clone),0.07221759
24.66948,Model Text Impact [D](Clone),0.08614984
24.68145,Model Text Impact [D](Clone),0.08361962
24.69394,Model Text Impact [u](Clone),0.08366362
24.70688,Model Text Impact [u](Clone),0.06475337
24.71955,Model Text Impact [u](Clone),0.05064429
24.73119,Model Text Impact [u](Clone),0.0455535
24.74477,Model Text Impact [u](Clone),0.03442618
24.75664,Model Text Impact [u](Clone),0.03719342
24.76974,Model Text Impact [u](Clone),0.04220532
24.78154,Model Text Impact [u](Clone),0.03917587
24.79352,Model Text Impact [D](Clone),0.03594631
24.80615,Model Text Impact [D](Clone),0.03023715
24.81856,Model Text Impact [u](Clone),0.0340179
24.83097,Model Text Impact [u](Clone),0.02910909
24.84495,Model Text Impact [u](Clone),0.0290723
24.85739,Model Text Impact [u](Clone),0.02391657
24.86924,Model Text Impact [u](Clone),0.02118265
24.8818,Model Text Impact [u](Clone),0.02498309
24.89504,Nullreference,0.02246876
24.90817,Nullreference,0.02874533
24.9215,Nullreference,0.02671266
24.93337,Nullreference,0.03035175
24.94551,Nullreference,0.03003814
24.95767,Nullreference,0.03392808
24.97061,Model Text Impact [t](Clone),0.03526023
24.98238,Model Text Impact [t](Clone),0.03481748
24.9948,Model Text Impact [t](Clone),0.02608378
25.00731,Model Text Impact [t](Clone),0.02477252
25.01947,Model Text Impact [t](Clone),0.02994522
25.0318,Model Text Impact [t](Clone),0.02970127
25.04386,Model Text Impact [t](Clone),0.03675765
25.0572,Model Text Impact [t](Clone),0.0303937
25.06966,Model Text Impact [t](Clone),0.02781135
25.08219,Model Text Impact [t](Clone),0.03166855
25.09488,Model Text Impact [e](Clone),0.04660427
25.1077,Model Text Impact [e](Clone),0.04776964
25.11957,Model Text Impact [t](Clone),0.04500179
25.13182,Model Text Impact [e](Clone),0.03607043
25.14461,Model Text Impact [e](Clone),0.02941814
25.15686,Model Text Impact [e](Clone),0.02452064
25.16949,Model Text Impact [e](Clone),0.01939853
25.18154,Model Text Impact [e](Clone),0.02077819
25.19478,Model Text Impact [e](Clone),0.01990328
25.20855,Model Text Impact [e](Clone),0.02035112
25.22244,Model Text Impact [e](Clone),0.02351283
25.235,Model Text Impact [t](Clone),0.02821617
25.24886,Model Text Impact [t](Clone),0.03112835
25.26238,Model Text Impact [t](Clone),0.02816237
25.27417,Model Text Impact [t](Clone),0.0253028
25.28656,Model Text Impact [t](Clone),0.02157479
25.29826,Model Text Impact [s](Clone),0.01987942
25.31023,Model Text Impact [s](Clone),0.02621169
25.32246,Model Text Impact [s](Clone),0.02611368
25.33405,Model Text Impact [s](Clone),0.03183383
25.34659,Model Text Impact [s](Clone),0.04018922
25.35804,Model Text Impact [s](Clone),0.04153368
25.37027,Model Text Impact [u](Clone),0.0387734
25.38388,Model Text Impact [u](Clone),0.03633448
25.39719,Model Text Impact [u](Clone),0.04323304
25.41026,Model Text Impact [u](Clone),0.04226774
25.42385,Model Text Impact [u](Clone),0.03297632
25.43668,Model Text Impact [u](Clone),0.03405195
25.44963,Model Text Impact [u](Clone),0.02859716
25.46281,Model Text Impact [u](Clone),0.02504594
25.4745,Model Text Impact [u](Clone),0.02292186
25.49012,Model Text Impact [u](Clone),0.02588434
25.50252,Model Text Impact [u](Clone),0.01521062
25.51667,Model Text Impact [u](Clone),0.008733287
25.52973,Model Text Impact [u](Clone),0.009506968
25.54334,Model Text Impact [u](Clone),0.0096178
25.557,Model Text Impact [u](Clone),0.009506172
25.57114,Model Text Impact [u](Clone),0.00757568
25.58446,Model Text Impact [u](Clone),0.006432784
25.59815,Model Text Impact [u](Clone),0.006027167
25.61083,Model Text Impact [s](Clone),0.003978888
25.62308,Model Text Impact [s](Clone),0.008624273
25.63534,Nullreference,0.008856086
25.64692,Nullreference,0.006152995
25.65903,Nullreference,0.01712427
25.67155,Nullreference,0.0229893
25.68419,Nullreference,0.02376783
25.69798,Nullreference,0.02168887
25.71029,Nullreference,0.01884956
25.72285,Nullreference,0.02014769
25.73645,Nullreference,0.0156597
25.74799,Nullreference,0.01925112
25.76041,Nullreference,0.02078615
25.77221,Nullreference,0.02074921
25.78594,Nullreference,0.01973852
25.79887,Nullreference,0.02796931
25.81128,Nullreference,0.02810153
25.82389,Nullreference,0.03132983
25.83737,Nullreference,0.03224466
25.84977,Nullreference,0.03111826
25.86388,Model Text Impact [s](Clone),0.02986008
25.8767,Nullreference,0.02615134
25.88976,Nullreference,0.02261287
25.9023,Model Text Impact [s](Clone),0.03208941
25.91458,Model Text Impact [s](Clone),0.03069292
25.92752,Model Text Impact [s](Clone),0.02977913
25.94125,Model Text Impact [s](Clone),0.02586895
25.9534,Model Text Impact [s](Clone),0.02156501
25.96549,Model Text Impact [s](Clone),0.02075868
25.97812,Model Text Impact [s](Clone),0.01386749
25.99053,Model Text Impact [s](Clone),0.01583194
26.00299,Model Text Impact [s](Clone),0.01474279
26.01643,Model Text Impact [s](Clone),0.0166596
26.02884,Model Text Impact [s](Clone),0.02044648
26.04135,Model Text Impact [s](Clone),0.02138689
26.05417,Model Text Impact [s](Clone),0.01752414
26.06695,Model Text Impact [s](Clone),0.02438283
26.0814,Model Text Impact [s](Clone),0.02488354
26.09462,Model Text Impact [s](Clone),0.02426805
26.1067,Model Text Impact [s](Clone),0.01771626
26.1193,Model Text Impact [s](Clone),0.01726456
26.1325,Nullreference,0.01100686
26.14597,Model Text Impact [t](Clone),0.004232651
26.15909,Model Text Impact [s](Clone),0.01272109
26.17159,Model Text Impact [s](Clone),0.01649298
26.18469,Model Text Impact [s](Clone),0.01759074
26.19851,Model Text Impact [s](Clone),0.0179618
26.21123,Model Text Impact [s](Clone),0.01774549
26.22393,Model Text Impact [s](Clone),0.01795484
26.23673,Model Text Impact [s](Clone),0.02356671
26.2495,Model Text Impact [s](Clone),0.02108811
26.26358,Model Text Impact [s](Clone),0.02726478
26.27662,Model Text Impact [s](Clone),0.02939635
26.28888,Model Text Impact [s](Clone),0.0310281
26.30189,Model Text Impact [t](Clone),0.02822241
26.31466,Model Text Impact [t](Clone),0.02944232
26.32757,Model Text Impact [s](Clone),0.0244437
26.34055,Model Text Impact [t](Clone),0.01857027
26.35264,Nullreference,0.009540852
26.36586,Nullreference,0.007828548
26.37891,Nullreference,0.008211003
26.39084,Nullreference,0.01388514
26.40213,Nullreference,0.02638749
26.41473,Nullreference,0.0294445
26.42806,Model Text Impact [s](Clone),0.0285524
26.4426,Model Text Impact [s](Clone),0.03026097
26.45544,Model Text Impact [s](Clone),0.03441127
26.46722,Model Text Impact [s](Clone),0.0355549
26.48007,Model Text Impact [s](Clone),0.03143378
26.49263,Model Text Impact [s](Clone),0.03538698
26.50569,Model Text Impact [s](Clone),0.03888141
26.51783,Model Text Impact [s](Clone),0.04458445
26.53,Model Text Impact [s](Clone),0.04820891
26.54259,Model Text Impact [s](Clone),0.04742414
26.55429,Model Text Impact [s](Clone),0.04456796
26.56769,Model Text Impact [s](Clone),0.04697454
26.57964,Model Text Impact [s](Clone),0.03813461
26.59247,Model Text Impact [s](Clone),0.03754536
26.60601,Model Text Impact [u](Clone),0.04378077
26.61855,Model Text Impact [u](Clone),0.04403038
26.63152,Model Text Impact [u](Clone),0.04121304
26.64357,Model Text Impact [s](Clone),0.03992399
26.65647,Model Text Impact [s](Clone),0.04012522
26.66949,Model Text Impact [s](Clone),0.03608747
26.68221,Model Text Impact [s](Clone),0.04241921
26.69424,Model Text Impact [s](Clone),0.04486118
26.70606,Model Text Impact [s](Clone),0.04491187
26.71938,Model Text Impact [s](Clone),0.04421498
26.73281,Model Text Impact [s](Clone),0.04081274
26.74555,Model Text Impact [s](Clone),0.03554642
26.75771,Model Text Impact [s](Clone),0.03567404
26.77094,Model Text Impact [s](Clone),0.0313886
26.78444,Model Text Impact [s](Clone),0.02042502
26.79656,Model Text Impact [s](Clone),0.02352606
26.80848,Model Text Impact [s](Clone),0.02292454
26.82008,Model Text Impact [s](Clone),0.02411021
26.83315,Model Text Impact [s](Clone),0.02774921
26.84707,Nullreference,0.04207473
26.8591,Nullreference,0.04826839
26.8711,Nullreference,0.0556847
26.88409,Nullreference,0.05878729
26.89644,Nullreference,0.06085347
26.9084,Nullreference,0.06330679
26.92103,Nullreference,0.06774519
26.9339,Nullreference,0.07948193
26.95112,Nullreference,0.0936619
26.96678,Nullreference,0.1023085
26.9792,Nullreference,0.1018369
26.99298,Nullreference,0.1005752
27.00519,Nullreference,0.09344496
27.01784,Nullreference,0.0961431
27.03058,Nullreference,0.1043282
27.04427,Nullreference,0.1127256
27.05657,Nullreference,0.1233189
27.07026,Nullreference,0.1338839
27.08773,Nullreference,0.136446
27.10224,Nullreference,0.1376013
27.11724,Nullreference,0.1422997
27.12929,Nullreference,0.1381519
27.14625,Nullreference,0.1313103
27.16206,Nullreference,0.1198266
27.17867,Nullreference,0.1166712
27.19614,Nullreference,0.1110454
27.21087,Nullreference,0.1022871
27.22366,Nullreference,0.08751544
27.2388,Nullreference,0.08627744
27.25076,Nullreference,0.07714118
27.26481,Nullreference,0.06263997
27.27758,Nullreference,0.0587456
27.29028,Nullreference,0.04990672
27.30459,Nullreference,0.04188495
27.31867,Nullreference,0.0371317
27.33054,Nullreference,0.03535466
27.34391,Nullreference,0.03637016
27.35694,Nullreference,0.03307728
27.36997,Nullreference,0.03011175
27.3827,Nullreference,0.02615273
27.39595,Nullreference,0.03037881
27.40851,Nullreference,0.02523876
27.42086,Nullreference,0.01890357
27.43342,Nullreference,0.02134302
27.44608,Nullreference,0.01312275
27.45826,Nullreference,0.008349895
27.47083,Nullreference,0.00302699
27.48391,Nullreference,0.01092735
27.49622,Nullreference,0.02588753
27.50814,Nullreference,0.0333439
27.5216,Nullreference,0.03576014
27.534,Nullreference,0.02534343
27.54617,Nullreference,0.009651337
27.55825,Nullreference,0.005627822
27.57391,Nullreference,0.0154474
27.58662,Nullreference,0.02067416
27.59986,Nullreference,0.02164461
27.61287,Nullreference,0.0209437
27.6258,Nullreference,0.02798271
27.6383,Nullreference,0.02341157
27.65084,Nullreference,0.02724732
27.6639,Nullreference,0.03094923
27.6771,Nullreference,0.03550934
27.68942,Nullreference,0.03793984
27.70459,Nullreference,0.03664408
27.71854,Nullreference,0.03858732
27.73218,Nullreference,0.03995749
27.74558,Nullreference,0.03958126
27.75749,Nullreference,0.04152386
27.77039,Nullreference,0.04656726
27.78273,Nullreference,0.04080613
27.79484,Nullreference,0.04872153
27.80791,Nullreference,0.05109277
27.82057,Nullreference,0.04828971
27.83406,Nullreference,0.04994085
27.84718,Nullreference,0.05960931
27.86191,Nullreference,0.06061219
27.87544,Nullreference,0.06188745
27.88983,Nullreference,0.06188267
27.90245,Nullreference,0.05698462
27.91573,Nullreference,0.04884833
27.92815,Nullreference,0.0461477
27.94315,Nullreference,0.04778552
27.95673,Nullreference,0.05142257
27.96951,Nullreference,0.05737686
27.98169,Nullreference,0.06253298
27.99436,Nullreference,0.06773724
28.00616,Nullreference,0.07174729
28.01949,Nullreference,0.07897056
28.03157,Nullreference,0.08719616
28.04364,Nullreference,0.1001127
28.05561,Nullreference,0.1068202
28.06825,Nullreference,0.1288356
28.08535,Nullreference,0.1351648
28.1024,Nullreference,0.1423909
28.11509,Nullreference,0.1519148
28.12704,Nullreference,0.1538387
28.13902,Nullreference,0.1558608
28.152,Nullreference,0.1626271
28.16484,Nullreference,0.1669489
28.17802,Nullreference,0.1621497
28.19974,Nullreference,0.1621497
